{
  "InsIp": "192.168.196.147",
  "HPR_Cb": [
    0,
    0,
    0
  ],
  "Db_xc": [
    0.046,
    0.025,
    0.026
  ],
  "AmBaseLLA": [
    52.2352474,
    -1.46046201,
    175.62
  ],
  "CameraResolution": [
    1280,
    960
  ],
  "CameraRotation": 0,
  "MapBaseLLA": [
    52.2347222,
    -1.4608333,
    175.0
  ],
  "MapResolution": 0.1,
  "MapSizeMeters": 120.0,
  "WheelPosLeft": [
    -0.203,
    0.062,
    0.084
  ],
  "WheelPosRight": [
    0.208,
    0.062,
    0.084
  ],
  "WheelSf": 0.6
}