{
  "InsIp": "192.168.196.147",
  "HPR_Cb": [
    90,
    0,
    0
  ],
  "Db_xc": [
    0.0,
    0.0,
    0.0
  ],
  "AmBaseLLA": [
    52.2347222,
    -1.4608333,
    175.0
  ],
  "CameraResolution": [
    1280,
    960
  ],
  "CameraRotation": 0,
  "HPR_cb": [
    0,
    0,
    0
  ],
  "HPR_ib": [
    -90,
    90,
    0
  ],
  "Dxc_b": [
    0.0775,
    0.002,
    -0.07
  ],
  "MapBaseLLA": [
    52.2347222,
    -1.4608333,
    175.0
  ],
  "MapResolution": 0.1,
  "MapSizeMeters": 120.0,
  "WheelPosLeft": [
    -0.203,
    0.062,
    0.084
  ],
  "WheelPosRight": [
    0.208,
    0.062,
    0.084
  ],
  "WheelSf": 0.02
}