{
  "InsIp": "192.168.196.147",
  "HPR_Cb": [
    0,
    0,
    0
  ],
  "Db_xc": [
    0.046,
    0.025,
    0.026
  ],
  "AmBaseLLA": [
    52.2352474,
    -1.46046201,
    175.62
  ],
  "CameraResolution": [
    1280,
    960
  ],
  "CameraRotation": 0
}